,Lambda,Flux
0,6690.643475191523,121321.90506935837
1,6690.533067622998,121521.75405398919
2,6690.422660054472,122024.17319420229
3,6690.312252485946,121240.89609252808
4,6690.201844917421,122179.28679628093
5,6690.091437348895,121310.87231607822
6,6689.98102978037,124599.35116266304
7,6689.8706222118435,121681.29988984854
8,6689.760214643318,121624.05026519929
9,6689.649807074792,122013.21793918211
10,6689.539399506267,121361.16553304002
11,6689.428991937742,121331.03584994713
12,6689.318584369215,122145.40491471071
13,6689.20817680069,122758.46930774738
14,6689.097769232164,121830.89631643791
15,6688.987361663639,121339.93406259098
16,6688.8769540951125,121583.73531649311
17,6688.766546526587,121815.523341497
18,6688.656138958062,122038.02357298252
19,6688.545731389536,122153.33179744097
20,6688.435323821011,122581.25710862383
21,6688.324916252484,121572.2852953789
22,6688.214508683959,122143.81702406706
23,6688.104101115434,121728.43288953857
24,6687.993693546908,121552.07163475585
25,6687.883285978382,121840.5410821068
26,6687.772878409856,121437.95870197823
27,6687.662470841331,122008.36217881436
28,6687.552063272805,123044.13534113813
29,6687.44165570428,122071.81181860996
30,6687.331248135754,122344.91565234412
31,6687.220840567228,122027.64185919003
32,6687.110432998703,121933.36980593299
33,6687.000025430177,121539.31669999818
34,6686.8896178616515,121394.77080808512
35,6686.779210293125,123384.06766672808
36,6686.6688027246,123039.30407485773
37,6686.558395156075,121398.08893248576
38,6686.447987587549,122271.51163490093
39,6686.337580019023,122157.62785347491
40,6686.227172450497,122880.24564812648
41,6686.116764881972,123297.41311986613
42,6686.006357313446,121423.18137338579
43,6685.8959497449205,123993.53553769641
44,6685.785542176395,122991.90123899393
45,6685.675134607869,123202.28437635403
46,6685.564727039344,121945.50944000017
47,6685.454319470818,122646.39373915289
48,6685.343911902292,122524.33324566904
49,6685.233504333766,121917.3017638396
50,6685.123096765241,122590.42321255652
51,6685.012689196716,122355.6138124397
52,6684.9022816281895,121507.67758043749
53,6684.791874059664,121772.84170053898
54,6684.681466491138,122388.4412168009
55,6684.571058922613,121733.38735301147
56,6684.460651354087,122849.00273664981
57,6684.350243785561,121753.04925595125
58,6684.239836217036,122150.06480318066
59,6684.12942864851,121475.60200130029
60,6684.019021079985,122332.33893125688
61,6683.9086135114585,121254.94518200068
62,6683.798205942933,122009.23388757803
63,6683.687798374408,121322.98573330104
64,6683.577390805882,123207.76486619061
65,6683.4669832373565,123143.88330138053
66,6683.35657566883,122562.06377803782
67,6683.246168100305,122864.86166213751
68,6683.135760531779,123281.44024309954
69,6683.025352963254,122336.38177499044
70,6682.914945394728,122569.15230929584
71,6682.804537826202,122171.23815866893
72,6682.694130257677,122358.69162018773
73,6682.583722689151,122917.41163850909
74,6682.473315120626,122680.21692973975
75,6682.362907552099,122906.93767687702
76,6682.252499983574,123063.06636595084
77,6682.142092415049,122629.67288082771
78,6682.031684846523,122833.42778190457
79,6681.921277277997,122655.44367544107
80,6681.810869709471,122599.2134731235
81,6681.700462140946,122831.81244824792
82,6681.59005457242,123037.42634161176
83,6681.479647003895,123218.32694641576
84,6681.369239435369,122739.25758108588
85,6681.258831866843,122891.3426593878
86,6681.148424298318,123946.4866769545
87,6681.038016729792,125105.24214646299
88,6680.927609161266,122689.82750880164
89,6680.81720159274,122320.38801961209
90,6680.706794024215,123154.65034589694
91,6680.59638645569,123002.12359932894
92,6680.485978887164,122777.91098928021
93,6680.375571318638,123693.923891401
94,6680.265163750112,123725.72683689395
95,6680.154756181587,123294.79526789929
96,6680.044348613062,121859.10444742025
97,6679.9339410445355,123256.83802230516
98,6679.82353347601,122801.8046650913
99,6679.713125907484,122374.29682876788
100,6679.602718338959,122293.39379163666
101,6679.492310770433,122628.46809081285
102,6679.381903201907,122395.62408931012
103,6679.271495633382,123576.22063418811
104,6679.161088064856,122796.71448679511
105,6679.050680496331,122071.82196216844
106,6678.9402729278045,122836.41947723168
107,6678.829865359279,122947.4037558837
108,6678.719457790753,122960.29346538757
109,6678.609050222228,122185.45748539206
110,6678.4986426537025,123643.34039577075
111,6678.388235085176,122360.38429895377
112,6678.277827516651,123806.42881751846
113,6678.167419948125,122984.19000924804
114,6678.0570123796,122465.54273368743
115,6677.9466048110735,123064.58794036634
116,6677.836197242548,123112.38780839478
117,6677.725789674023,122125.74973772037
118,6677.615382105497,122747.72301810462
119,6677.5049745369715,121910.33593217825
120,6677.394566968445,123029.07003876544
121,6677.28415939992,123651.45927227865
122,6677.173751831394,122341.60890815676
123,6677.063344262869,122930.9720042991
124,6676.952936694343,124583.04200832543
125,6676.842529125817,124047.72779998362
126,6676.732121557292,122418.10214905877
127,6676.621713988766,123344.02366402511
128,6676.5113064202405,123182.33976869726
129,6676.400898851715,122617.49581240784
130,6676.290491283189,123654.82829010773
131,6676.180083714664,122469.46678841655
132,6676.069676146138,123556.85819494425
133,6675.959268577612,123416.75611139726
134,6675.848861009086,123355.10020056271
135,6675.738453440561,123836.49191313429
136,6675.628045872036,124210.23317930462
137,6675.51763830351,123576.33580401631
138,6675.407230734984,125327.10112593047
139,6675.296823166458,122617.40587376418
140,6675.186415597933,123202.48975653094
141,6675.076008029407,123982.47215642022
142,6674.965600460881,123053.6123918243
143,6674.855192892356,123329.99942771245
144,6674.74478532383,123412.1552605907
145,6674.634377755305,123591.70667840162
146,6674.523970186779,124638.11471582667
147,6674.413562618253,124009.3243100962
148,6674.303155049727,124420.52056304156
149,6674.192747481202,125361.93144561493
150,6674.082339912677,124181.38828142539
151,6673.97193234415,123396.80638355947
152,6673.861524775625,123306.66302125633
153,6673.751117207099,122809.84528110795
154,6673.640709638574,124334.41212278516
155,6673.530302070048,124429.79626627236
156,6673.419894501522,123238.6645498987
157,6673.309486932997,123478.80330873678
158,6673.199079364471,123845.78342980758
159,6673.088671795946,123881.98539416921
160,6672.9782642274195,123563.4437931444
161,6672.867856658894,123023.21315560854
162,6672.757449090369,124285.43219291155
163,6672.647041521843,123394.58710698095
164,6672.5366339533175,125089.49994696719
165,6672.426226384791,123539.13063626923
166,6672.315818816266,123463.99351824888
167,6672.20541124774,125080.50755282791
168,6672.095003679215,123440.307705365
169,6671.984596110689,123660.14233898601
170,6671.874188542163,124144.50763329494
171,6671.763780973638,123176.182296826
172,6671.653373405112,124562.3244001916
173,6671.5429658365865,124672.28908803633
174,6671.43255826806,124003.20484938502
175,6671.322150699535,123946.17203213624
176,6671.21174313101,123657.016327748
177,6671.101335562484,125005.72157949803
178,6670.990927993958,123227.84229301078
179,6670.880520425432,124931.48712825621
180,6670.770112856907,124726.35263078345
181,6670.659705288381,123808.79326064825
182,6670.5492977198555,124113.02207372569
183,6670.43889015133,125022.42286741314
184,6670.328482582804,123222.43134768914
185,6670.218075014279,124378.2232717214
186,6670.107667445753,124485.07243621978
187,6669.997259877227,124165.23167846876
188,6669.886852308701,124710.0418011098
189,6669.776444740176,124866.66049799723
190,6669.666037171651,124054.5495164494
191,6669.5556296031245,125471.98879535608
192,6669.445222034599,122993.57029726742
193,6669.334814466073,124923.71125577211
194,6669.224406897548,125266.3287867728
195,6669.113999329022,124702.92168016502
196,6669.003591760496,125070.48682767319
197,6668.893184191971,124280.2291767187
198,6668.782776623445,124777.18275559862
199,6668.67236905492,125330.8140532348
200,6668.561961486394,125217.26239957428
201,6668.451553917868,124161.76097449916
202,6668.341146349343,125091.75426475993
203,6668.230738780817,123820.4580211288
204,6668.120331212292,124399.56501362521
205,6668.009923643765,124530.9594763087
206,6667.89951607524,126313.10740076686
207,6667.789108506714,124417.02826843418
208,6667.678700938189,124769.28454386501
209,6667.5682933696635,125574.28560258236
210,6667.457885801137,124645.01127428655
211,6667.347478232612,124977.78456473861
212,6667.237070664086,124210.5345386741
213,6667.126663095561,125733.05501677968
214,6667.016255527034,125274.26665733028
215,6666.905847958509,124928.99479862241
216,6666.795440389984,125256.97190726023
217,6666.685032821458,124382.36986758938
218,6666.5746252529325,124921.31607797596
219,6666.464217684406,123981.3551215253
220,6666.353810115881,124719.6980895655
221,6666.243402547355,125573.75200171475
222,6666.13299497883,125029.2642093735
223,6666.022587410304,126351.3306291311
224,6665.912179841778,125010.44567443905
225,6665.801772273253,124334.27424028453
226,6665.691364704727,125854.81209307647
227,6665.5809571362015,125443.0121684198
228,6665.470549567675,124930.9980960144
229,6665.36014199915,125715.70868712255
230,6665.249734430625,124378.20000957654
231,6665.139326862099,125138.31853060515
232,6665.028919293573,124823.22630771769
233,6664.918511725047,125634.60161347795
234,6664.808104156522,126528.48611043833
235,6664.697696587997,125642.01316462233
236,6664.5872890194705,125070.73487957474
237,6664.476881450945,125767.38327738368
238,6664.366473882419,125482.53973504076
239,6664.256066313894,125535.4437869108
240,6664.145658745368,125011.79181029944
241,6664.035251176842,126411.31623578923
242,6663.924843608317,125154.62635978291
243,6663.814436039791,126593.86660477644
244,6663.704028471266,125314.60403207535
245,6663.5936209027395,125060.88057004713
246,6663.483213334214,124424.44383061925
247,6663.372805765688,125656.03928049185
248,6663.262398197163,125401.47983984879
249,6663.151990628638,125112.49429988148
250,6663.041583060111,126240.16458465824
251,6662.931175491586,125938.05400010532
252,6662.82076792306,126175.64673323264
253,6662.710360354535,126319.19923081003
254,6662.5999527860085,125729.4583905395
255,6662.489545217483,125149.766329436
256,6662.379137648958,126590.69280948435
257,6662.268730080432,126246.14182926141
258,6662.158322511907,126308.05598350876
259,6662.04791494338,124523.77772954066
260,6661.937507374855,125255.27581601053
261,6661.827099806329,126542.13581133792
262,6661.716692237804,126447.1824584616
263,6661.6062846692785,125037.50922852897
264,6661.495877100752,126273.83243805503
265,6661.385469532227,125072.61597370364
266,6661.275061963701,125313.41712713339
267,6661.164654395176,125386.39044255516
268,6661.05424682665,125363.05109579879
269,6660.943839258124,125591.79315884897
270,6660.833431689599,125112.27938585226
271,6660.723024121073,125413.24393012839
272,6660.6126165525475,126018.507768147
273,6660.502208984021,125041.00628162021
274,6660.391801415496,126605.10749734486
275,6660.281393846971,126712.75583812167
276,6660.170986278445,125327.37678180178
277,6660.060578709919,126290.45484602665
278,6659.950171141393,127018.52788185146
279,6659.839763572868,126000.561782691
280,6659.729356004342,127376.60095871179
281,6659.6189484358165,127260.40308114211
282,6659.508540867291,126860.87913120573
283,6659.398133298765,126400.28380302459
284,6659.28772573024,126372.51189303184
285,6659.177318161714,126103.37532510389
286,6659.066910593188,126367.01138425553
287,6658.956503024662,125942.79415170707
288,6658.846095456137,127314.02685398236
289,6658.735687887612,125435.08394165969
290,6658.6252803190855,126114.31794795366
291,6658.51487275056,126641.08761104665
292,6658.404465182034,127350.55898230801
293,6658.294057613509,127098.40134441567
294,6658.183650044983,127853.69237335309
295,6658.073242476457,127303.86588681534
296,6657.962834907932,127440.52095211663
297,6657.852427339406,127127.54108928805
298,6657.742019770881,127175.37463671906
299,6657.6316122023545,127368.20459582823
300,6657.521204633829,127620.0856397854
301,6657.410797065304,126709.44508337668
302,6657.300389496778,126389.28319834136
303,6657.189981928253,127213.2017737876
304,6657.079574359726,127471.3065557533
305,6656.969166791201,127233.30135571431
306,6656.858759222675,127735.66399399076
307,6656.74835165415,127333.80820315595
308,6656.637944085624,128005.37614813291
309,6656.527536517098,127510.7349704609
310,6656.417128948573,126778.60037733805
311,6656.306721380047,127638.21817925069
312,6656.196313811522,127733.45071822664
313,6656.085906242995,127904.97952602373
314,6655.97549867447,127386.7480982645
315,6655.865091105945,127638.13486158015
316,6655.754683537419,128346.77976854872
317,6655.644275968893,127438.8077619552
318,6655.533868400367,126530.6624401201
319,6655.423460831842,126241.73531792474
320,6655.313053263316,127548.81858500677
321,6655.202645694791,127391.78849792024
322,6655.092238126265,127419.56239621573
323,6654.981830557739,127502.54276577593
324,6654.871422989214,127514.07201176371
325,6654.761015420688,127394.55339740365
326,6654.6506078521625,127744.58883193409
327,6654.540200283636,126839.05551196124
328,6654.429792715111,127600.75139108745
329,6654.319385146586,128085.23529558393
330,6654.20897757806,128058.92691188343
331,6654.098570009534,127358.81350159265
332,6653.988162441008,126425.26906746259
333,6653.877754872483,127655.90043888359
334,6653.767347303958,126594.915640651
335,6653.6569397354315,127048.84449819684
336,6653.546532166906,128153.03062001454
337,6653.43612459838,126754.04702643113
338,6653.325717029855,127347.99141357365
339,6653.215309461329,127861.71797639829
340,6653.104901892803,126961.52962550386
341,6652.994494324278,127288.72435650673
342,6652.884086755752,127442.94745750865
343,6652.773679187227,127352.78121207535
344,6652.6632716187005,127590.05763340366
345,6652.552864050175,127951.99525157287
346,6652.442456481649,127533.11370294195
347,6652.332048913124,128268.2849438586
348,6652.2216413445985,127796.92780238335
349,6652.111233776072,128265.73737467876
350,6652.000826207547,126744.62690213694
351,6651.890418639021,127858.08205449035
352,6651.780011070496,128170.15181672349
353,6651.6696035019695,126990.15215882502
354,6651.559195933444,127085.79904989504
355,6651.448788364919,128253.88028086508
356,6651.338380796393,128004.79979305132
357,6651.227973227868,129132.82393562431
358,6651.117565659341,128528.50952459735
359,6651.007158090816,128451.45341472788
360,6650.89675052229,127716.13784870511
361,6650.786342953765,128298.66750261794
362,6650.675935385239,128093.56996361843
363,6650.565527816713,128725.8457488502
364,6650.455120248188,128041.06467682021
365,6650.344712679662,129248.49763317716
366,6650.234305111137,128611.25482840433
367,6650.12389754261,128095.94672114312
368,6650.013489974085,129152.67526436996
369,6649.90308240556,128049.98354546443
370,6649.792674837034,128805.91282847055
371,6649.682267268508,129476.1439726334
372,6649.571859699982,128056.79761709255
373,6649.461452131457,127876.78318490714
374,6649.351044562932,127423.43868103584
375,6649.240636994406,128899.92472530762
376,6649.13022942588,128176.42829247082
377,6649.019821857354,128508.87590505344
378,6648.909414288829,128609.64671929127
379,6648.799006720303,129222.57740203234
380,6648.688599151777,128474.87804097154
381,6648.578191583252,128737.73324885526
382,6648.467784014726,128563.5736944911
383,6648.357376446201,128466.34919027697
384,6648.246968877675,129270.29473677414
385,6648.136561309149,128717.96246940776
386,6648.026153740623,128513.99766774302
387,6647.915746172098,129262.4230071927
388,6647.805338603573,128835.54777159986
389,6647.6949310350465,128388.7726979394
390,6647.584523466521,127715.77931885693
391,6647.474115897995,127937.32603229812
392,6647.36370832947,127783.79796844657
393,6647.253300760944,128563.689289087
394,6647.142893192418,128562.02785503611
395,6647.032485623893,128664.06274442819
396,6646.922078055367,128617.40857538274
397,6646.811670486842,126688.79926661182
398,6646.7012629183155,128903.68289641765
399,6646.59085534979,128838.62327482583
400,6646.480447781264,129460.71660342737
401,6646.370040212739,129505.55053059025
402,6646.2596326442135,129426.21122880916
403,6646.149225075687,130023.07365602478
404,6646.038817507162,130026.13145955018
405,6645.928409938636,128840.4342599211
406,6645.818002370111,130357.1958512572
407,6645.707594801585,129373.61326957813
408,6645.597187233059,129526.06850373535
409,6645.486779664534,130193.9835221448
410,6645.376372096008,129275.2237310829
411,6645.2659645274825,129458.7005637943
412,6645.155556958956,129562.46163474773
413,6645.045149390431,129724.02209364827
414,6644.934741821906,128635.81957350913
415,6644.82433425338,129955.85947923613
416,6644.713926684854,130091.84508148214
417,6644.603519116328,129505.69111237484
418,6644.493111547803,129830.82402123931
419,6644.382703979277,128969.09293668816
420,6644.272296410752,129321.67705688227
421,6644.161888842226,129009.27987429363
422,6644.0514812737,129887.66371804675
423,6643.941073705175,130606.49311652247
424,6643.830666136649,129875.70787014609
425,6643.720258568123,128389.88729613188
426,6643.609850999597,130157.97413236504
427,6643.499443431072,129278.07614169332
428,6643.389035862547,128973.23091373385
429,6643.278628294021,130711.24005877972
430,6643.168220725495,130470.25103737606
431,6643.057813156969,129675.46761978304
432,6642.947405588444,129208.58091910052
433,6642.836998019918,130584.02617679698
434,6642.726590451392,128919.71029656802
435,6642.616182882867,129398.19603803432
436,6642.505775314341,129644.39511809498
437,6642.395367745816,129636.35815415382
438,6642.28496017729,129370.95480444025
439,6642.174552608764,130022.39054548353
440,6642.064145040239,130371.68324528715
441,6641.953737471713,129456.2177082503
442,6641.843329903188,129514.22765364198
443,6641.732922334661,129433.41059803129
444,6641.622514766136,129542.05730392407
445,6641.51210719761,130121.12660127852
446,6641.401699629085,129834.57003550704
447,6641.2912920605595,129124.93549667708
448,6641.180884492033,131077.70836035456
449,6641.070476923508,130530.90949501046
450,6640.960069354982,129886.08110414533
451,6640.849661786457,129836.45805178407
452,6640.7392542179305,130352.2532499391
453,6640.628846649405,129834.09656408009
454,6640.51843908088,130523.98595251264
455,6640.408031512354,130535.01151829587
456,6640.2976239438285,131444.14930557087
457,6640.187216375302,129943.83875030547
458,6640.076808806777,131278.0716440923
459,6639.966401238251,131158.02716267016
460,6639.855993669726,131362.2089208095
461,6639.7455861012,130720.51652531503
462,6639.635178532674,131177.83020039133
463,6639.524770964149,131071.67384534869
464,6639.414363395623,130324.27577544407
465,6639.3039558270975,130725.536182696
466,6639.193548258571,130794.15141187482
467,6639.083140690046,131380.373320246
468,6638.972733121521,130317.66561633053
469,6638.862325552995,130119.09824928196
470,6638.751917984469,131553.8484771773
471,6638.641510415943,130710.42119806787
472,6638.531102847418,131225.46533743053
473,6638.420695278892,131624.36910888646
474,6638.3102877103665,131591.1978832824
475,6638.199880141841,130535.03650443685
476,6638.089472573315,131059.61147650442
477,6637.97906500479,131609.320714995
478,6637.868657436264,131774.94413535856
479,6637.758249867738,131278.23356391498
480,6637.647842299213,131421.71737738262
481,6637.537434730687,131230.37534816458
482,6637.427027162162,131581.42549437072
483,6637.316619593636,132255.12170595233
484,6637.20621202511,131940.4911950754
485,6637.095804456584,131656.5806679259
486,6636.985396888059,131893.1251121468
487,6636.874989319534,131596.9380207526
488,6636.764581751007,131415.7909278602
489,6636.654174182482,131363.24833687133
490,6636.543766613956,131375.02987854066
491,6636.433359045431,131241.3520225598
492,6636.322951476905,132381.64047057324
493,6636.212543908379,131480.5631352848
494,6636.102136339854,131573.8100033261
495,6635.991728771328,132375.19866559928
496,6635.881321202803,132699.55868662614
497,6635.770913634276,132126.1545384582
498,6635.660506065751,131947.6575484453
499,6635.550098497225,132954.51799362214
500,6635.4396909287,132175.46115303753
501,6635.3292833601745,131469.2694147412
502,6635.218875791648,131479.04729915434
503,6635.108468223123,132674.73544795747
504,6634.998060654597,132561.4755793
505,6634.887653086072,131715.96933679175
506,6634.777245517545,132091.3024038791
507,6634.66683794902,132437.34266506057
508,6634.556430380495,132727.6010814193
509,6634.446022811969,132532.30243808203
510,6634.3356152434435,133113.96031140993
511,6634.225207674917,131816.2980095446
512,6634.114800106392,132856.88908539107
513,6634.004392537867,132648.8251840571
514,6633.893984969341,133256.61115208326
515,6633.783577400815,131920.96384197832
516,6633.673169832289,133288.09479402858
517,6633.562762263764,132185.55071777047
518,6633.452354695238,133070.23209205127
519,6633.3419471267125,131915.34136699655
520,6633.231539558187,132346.14031339643
521,6633.121131989661,132832.81754576607
522,6633.010724421136,131719.17403781385
523,6632.90031685261,132106.3148190455
524,6632.789909284084,132233.31041304773
525,6632.679501715558,132620.31703340544
526,6632.569094147033,132157.96372690526
527,6632.458686578508,132062.89333009176
528,6632.3482790099815,133166.3017252798
529,6632.237871441456,133262.06587958292
530,6632.12746387293,132564.41401419218
531,6632.017056304405,131147.77678081667
532,6631.906648735879,132277.86644982803
533,6631.796241167353,132695.86094163771
534,6631.685833598828,132499.9418009277
535,6631.575426030302,133435.51813028325
536,6631.465018461777,132499.8649276963
537,6631.3546108932505,131806.2981248909
538,6631.244203324725,132554.46798628385
539,6631.133795756199,132212.0043655204
540,6631.023388187674,132676.0376175891
541,6630.912980619149,132844.9633783199
542,6630.802573050622,132560.36550752923
543,6630.692165482097,133742.47338412073
544,6630.581757913571,132822.1343959518
545,6630.471350345046,132798.45040066508
546,6630.3609427765205,133311.47144126968
547,6630.250535207994,132651.6351510791
548,6630.140127639469,133295.4483383742
549,6630.029720070943,133231.19558138697
550,6629.919312502418,133359.83631938283
551,6629.808904933891,133098.34409278005
552,6629.698497365366,133241.0763130336
553,6629.588089796841,133234.81322536487
554,6629.477682228315,133031.291095791
555,6629.3672746597895,133364.36004104267
556,6629.256867091263,133032.08665405388
557,6629.146459522738,132916.55080027913
558,6629.036051954212,132831.55376746698
559,6628.925644385687,133646.6468444237
560,6628.815236817161,132910.98688312407
561,6628.704829248635,132982.27313906144
562,6628.59442168011,133737.98879253457
563,6628.484014111584,133423.86807147478
564,6628.3736065430585,133823.2260541881
565,6628.263198974532,133732.10675583265
566,6628.152791406007,133356.16033451908
567,6628.042383837482,132893.81954796755
568,6627.931976268956,133380.55583729374
569,6627.82156870043,133409.8141989197
570,6627.711161131904,133547.8586415007
571,6627.600753563379,133148.88992301884
572,6627.490345994853,133592.95032349107
573,6627.3799384263275,133970.97461890534
574,6627.269530857802,133817.8587081442
575,6627.159123289276,133415.09723547267
576,6627.048715720751,133098.16428836316
577,6626.938308152225,133304.42466597207
578,6626.827900583699,133357.03806687522
579,6626.717493015174,133551.37616732414
580,6626.607085446648,133336.72258127708
581,6626.496677878123,133895.50371838576
582,6626.3862703095965,133930.46760941824
583,6626.275862741071,134359.1027095935
584,6626.165455172545,133494.9337688652
585,6626.05504760402,133834.7213570072
586,6625.944640035495,134365.90671655902
587,6625.834232466968,134995.89877155202
588,6625.723824898443,133741.18312812303
589,6625.613417329917,134236.46096078632
590,6625.503009761392,134213.5237418873
591,6625.3926021928655,134859.10997322184
592,6625.28219462434,133965.67933231324
593,6625.171787055815,135907.3726106281
594,6625.061379487289,134197.93834969762
595,6624.950971918764,134793.02169251232
596,6624.840564350237,134476.97455421198
597,6624.730156781712,134930.72221045854
598,6624.619749213186,134042.21743333875
599,6624.509341644661,134652.04092769668
600,6624.398934076135,134933.7865295556
601,6624.288526507609,134253.07340033544
602,6624.178118939084,134094.54704968186
603,6624.067711370558,134641.87829626273
604,6623.957303802033,135483.5229431682
605,6623.846896233506,134691.54997309248
606,6623.736488664981,135764.63144892888
607,6623.626081096456,135205.79336496885
608,6623.51567352793,135185.03156409127
609,6623.4052659594045,134041.53468902237
610,6623.294858390878,135905.36031350258
611,6623.184450822353,135421.30623165335
612,6623.074043253828,136044.86873470055
613,6622.963635685302,135023.16070127263
614,6622.853228116776,135305.29819024852
615,6622.74282054825,135146.83593114602
616,6622.632412979725,135805.25964499195
617,6622.522005411199,135225.35220278328
618,6622.4115978426735,134774.79433777244
619,6622.301190274148,135359.77030168026
620,6622.190782705622,135393.6085633236
621,6622.080375137097,135214.49528448633
622,6621.969967568571,135762.19696980115
623,6621.859560000045,136974.06013124014
624,6621.749152431519,135568.76709616525
625,6621.638744862994,135654.99822868677
626,6621.528337294469,135725.68111069957
627,6621.4179297259425,135737.7153527609
628,6621.307522157417,136263.87423941877
629,6621.197114588891,135412.1603636646
630,6621.086707020366,134823.8297211934
631,6620.97629945184,135682.3455513103
632,6620.865891883314,135168.60140433494
633,6620.755484314789,135815.29168125227
634,6620.645076746263,136650.61286271847
635,6620.534669177738,135688.03860595947
636,6620.4242616092115,135921.52954929316
637,6620.313854040686,135787.04379646588
638,6620.20344647216,136388.41110020704
639,6620.093038903635,137186.86773172562
640,6619.9826313351095,136135.17170486547
641,6619.872223766583,136288.59133062355
642,6619.761816198058,136141.42353151052
643,6619.651408629532,136192.94264391236
644,6619.541001061007,135315.59773104874
645,6619.430593492481,135921.4035777266
646,6619.320185923955,136336.38721038197
647,6619.20977835543,136374.32844060374
648,6619.099370786904,135976.51317665173
649,6618.988963218379,137053.7176867128
650,6618.878555649852,136771.77503831667
651,6618.768148081327,136673.40574190905
652,6618.657740512802,136395.00274448845
653,6618.547332944276,136872.93936786195
654,6618.43692537575,136904.6437987607
655,6618.326517807224,136540.03337220798
656,6618.216110238699,137008.65040108643
657,6618.105702670173,137608.19038031512
658,6617.995295101648,136979.4806442672
659,6617.884887533122,136754.33351810244
660,6617.774479964596,136882.79932512197
661,6617.664072396071,137359.07385860823
662,6617.553664827545,136798.40590916923
663,6617.443257259019,136893.0418389386
664,6617.332849690493,137328.6033229105
665,6617.222442121968,136372.96130266902
666,6617.112034553443,137007.7896331614
667,6617.001626984917,136508.89413092058
668,6616.891219416391,137208.08054977664
669,6616.780811847865,137200.16651187127
670,6616.67040427934,137676.08417238627
671,6616.559996710814,137262.7034561485
672,6616.4495891422885,137318.79096415706
673,6616.339181573763,137360.58062332353
674,6616.228774005237,136625.41520130605
675,6616.118366436712,137337.8053935231
676,6616.007958868186,137654.4159227736
677,6615.89755129966,136515.40859571914
678,6615.787143731134,136100.81578633544
679,6615.676736162609,136449.59015612883
680,6615.566328594084,136720.20696753165
681,6615.4559210255575,137255.54959838983
682,6615.345513457032,137056.48580314056
683,6615.235105888506,137958.8881322877
684,6615.124698319981,137324.54934701152
685,6615.0142907514555,137949.02989796412
686,6614.903883182929,137761.0699988338
687,6614.793475614404,137349.870215421
688,6614.683068045878,137663.27371640052
689,6614.572660477353,137969.7768075822
690,6614.4622529088265,138425.97792916483
691,6614.351845340301,139210.4934159788
692,6614.241437771776,137737.6682417671
693,6614.13103020325,137347.0826492791
694,6614.0206226347245,137700.91832049223
695,6613.910215066198,138203.91636039718
696,6613.799807497673,138147.27145054922
697,6613.689399929147,137643.07987329367
698,6613.578992360622,138417.90791821576
699,6613.468584792096,138712.27234281236
700,6613.35817722357,138699.98176367054
701,6613.247769655045,138588.8579039489
702,6613.137362086519,138013.52755703946
703,6613.0269545179935,137951.79615733703
704,6612.916546949467,138521.4754656617
705,6612.806139380942,138290.13176646995
706,6612.695731812417,138412.23080361576
707,6612.585324243891,138774.648432719
708,6612.474916675365,138315.38769197755
709,6612.364509106839,138101.37751027144
710,6612.254101538314,138166.9063484574
711,6612.143693969788,138487.77609236576
712,6612.033286401263,138020.66606775887
713,6611.922878832737,138571.43882812004
714,6611.812471264211,138508.25864475002
715,6611.702063695686,139245.28164198858
716,6611.59165612716,138187.6318021354
717,6611.481248558634,137726.01885589949
718,6611.370840990109,138344.70964437918
719,6611.260433421583,138525.95732829045
720,6611.150025853058,137109.84992616775
721,6611.039618284532,137031.75294805714
722,6610.929210716006,137276.24180960012
723,6610.81880314748,136111.26231634928
724,6610.708395578955,137199.41402645354
725,6610.59798801043,136635.57245023514
726,6610.487580441903,137500.00322945006
727,6610.377172873378,137384.0851079493
728,6610.266765304852,137684.62119277715
729,6610.156357736327,137589.65787312965
730,6610.045950167801,137945.97726368418
731,6609.935542599275,138334.40002840932
732,6609.82513503075,137670.87273829585
733,6609.714727462224,138592.442394253
734,6609.604319893699,138474.2197575443
735,6609.4939123251725,138773.82995340123
736,6609.383504756647,138391.5451849963
737,6609.273097188121,138537.56431502482
738,6609.162689619596,139027.84172708125
739,6609.0522820510705,139291.54742606558
740,6608.941874482544,139174.822672723
741,6608.831466914019,139012.0540822136
742,6608.721059345493,139880.9873888425
743,6608.610651776968,138708.50041164926
744,6608.5002442084415,140207.57883330982
745,6608.389836639916,138911.9693503076
746,6608.279429071391,139568.8100755518
747,6608.169021502865,138338.27744045758
748,6608.0586139343395,138417.0598122284
749,6607.948206365813,139205.95292990853
750,6607.837798797288,140094.61605344538
751,6607.727391228762,138998.22312837892
752,6607.616983660237,139352.6854612768
753,6607.506576091711,139212.14292327507
754,6607.396168523185,139523.28400355793
755,6607.28576095466,140199.7842045091
756,6607.175353386134,138680.59532080096
757,6607.0649458176085,139689.70443885576
758,6606.954538249083,140483.81661868846
759,6606.844130680557,140167.56474245508
760,6606.733723112032,140899.7683968331
761,6606.623315543506,140051.53877061553
762,6606.51290797498,140432.36513615967
763,6606.402500406454,139769.31280686977
764,6606.292092837929,140731.23422371974
765,6606.181685269404,140445.67537643603
766,6606.0712777008775,139498.9878804516
767,6605.960870132352,140092.48167493072
768,6605.850462563826,140550.069328941
769,6605.740054995301,140161.70217384037
770,6605.629647426775,140144.37791457886
771,6605.519239858249,140087.38496764115
772,6605.408832289724,140082.2882603516
773,6605.298424721198,140205.34937974
774,6605.188017152673,139754.0638248824
775,6605.077609584147,139478.7543406326
776,6604.967202015621,139287.39767570473
777,6604.856794447095,140583.08877465155
778,6604.74638687857,139999.4081787733
779,6604.635979310045,140233.737765071
780,6604.525571741518,140312.80364357913
781,6604.415164172993,139607.95601342453
782,6604.304756604467,139804.61156022636
783,6604.194349035942,139362.74431448503
784,6604.083941467416,139129.80300401972
785,6603.97353389889,138990.7498936496
786,6603.863126330365,139083.24657330287
787,6603.752718761839,139037.98312436166
788,6603.642311193314,139770.23042001316
789,6603.531903624787,139788.63805201356
790,6603.421496056262,140015.25485005497
791,6603.311088487737,140422.00976008907
792,6603.200680919211,141327.73521155916
793,6603.0902733506855,140769.88818610494
794,6602.979865782159,140760.4472674958
795,6602.869458213634,140520.09272940384
796,6602.759050645108,139830.561403269
797,6602.648643076583,140745.82929382537
798,6602.538235508057,140560.78139203545
799,6602.427827939531,140754.23095220354
800,6602.317420371006,141293.2000904252
801,6602.20701280248,140570.26439239283
802,6602.0966052339545,139614.37793506414
803,6601.986197665428,140631.96545197704
804,6601.875790096903,140569.39187704358
805,6601.765382528378,140990.7110180074
806,6601.654974959852,140527.8135804734
807,6601.544567391326,140478.1548471895
808,6601.4341598228,138888.15523901867
809,6601.323752254275,140969.4930176703
810,6601.213344685749,140801.01273260423
811,6601.1029371172235,139479.54606140457
812,6600.992529548698,140085.36549633718
813,6600.882121980172,139653.83228106194
814,6600.771714411647,140089.44541860363
815,6600.661306843121,138036.96369459445
816,6600.550899274595,138247.37667691417
817,6600.440491706069,138813.41087537547
818,6600.330084137544,138792.17056133735
819,6600.219676569019,139520.28755917423
820,6600.1092690004925,139632.5641170791
821,6599.998861431967,140808.85522593439
822,6599.888453863441,141025.43618737225
823,6599.778046294916,141529.4417072872
824,6599.667638726391,140531.88349183663
825,6599.557231157864,140814.6811854926
826,6599.446823589339,141470.52135881997
827,6599.336416020813,141371.1899360288
828,6599.226008452288,140177.47888208154
829,6599.1156008837615,140537.09569446137
830,6599.005193315236,141097.7422891477
831,6598.894785746711,140389.96580054626
832,6598.784378178185,139542.93048360103
833,6598.67397060966,140159.74223319287
834,6598.563563041133,140226.72554885325
835,6598.453155472608,139976.98243319045
836,6598.342747904082,139300.98938382106
837,6598.232340335557,139738.3334012572
838,6598.1219327670315,139378.25700718485
839,6598.011525198505,138876.12704339263
840,6597.90111762998,137606.08003922916
841,6597.790710061454,137951.7316212654
842,6597.680302492929,137567.03129651403
843,6597.569894924402,138962.42491289956
844,6597.459487355877,139391.71097298258
845,6597.349079787352,139715.2280805191
846,6597.238672218826,141328.80772033226
847,6597.1282646503005,141448.35827412352
848,6597.017857081774,140750.91742810945
849,6596.907449513249,141616.5442354709
850,6596.797041944723,141367.1689940114
851,6596.686634376198,140617.37265750516
852,6596.576226807672,141361.90415385005
853,6596.465819239146,140922.5581526123
854,6596.355411670621,140868.7682408343
855,6596.245004102095,141839.02722259398
856,6596.1345965335695,141130.34632076634
857,6596.024188965044,142074.78976384236
858,6595.913781396518,141532.90994609444
859,6595.803373827993,140455.2775625209
860,6595.692966259467,141211.60095965696
861,6595.582558690941,141023.02542165702
862,6595.472151122415,141680.34360021926
863,6595.36174355389,141787.52082605785
864,6595.251335985365,140533.8460360555
865,6595.1409284168385,141358.64021287387
866,6595.030520848313,140487.2579460559
867,6594.920113279787,140865.90281999868
868,6594.809705711262,140969.56467266864
869,6594.699298142736,141073.54192495532
870,6594.58889057421,140841.4230618044
871,6594.478483005685,141547.6125436002
872,6594.368075437159,141765.01912712827
873,6594.257667868634,141226.73298104794
874,6594.1472603001075,140892.01493930857
875,6594.036852731582,140972.20117661922
876,6593.926445163056,141391.1787584688
877,6593.816037594531,140994.70637832923
878,6593.705630026006,139449.4076843846
879,6593.595222457479,140456.55555928976
880,6593.484814888954,140708.56112597056
881,6593.374407320428,140146.8586412574
882,6593.263999751903,139515.365785307
883,6593.1535921833765,140357.34965504825
884,6593.043184614851,139515.45351502585
885,6592.932777046326,138303.19214217755
886,6592.8223694778,138531.22933902204
887,6592.711961909275,138604.48627685296
888,6592.601554340748,140118.14234133286
889,6592.491146772223,139743.79044194377
890,6592.380739203698,140290.1063071548
891,6592.270331635172,141357.15190605828
892,6592.159924066646,140613.54219270658
893,6592.04951649812,140661.78880643914
894,6591.939108929595,141239.44038230833
895,6591.828701361069,140342.53532688456
896,6591.718293792544,140326.46106723853
897,6591.607886224018,140655.02839706058
898,6591.497478655492,140932.96776930295
899,6591.387071086967,139566.2897445598
900,6591.276663518441,140610.65668849662
901,6591.1662559499155,142169.51289011084
902,6591.055848381389,141615.62498462113
903,6590.945440812864,140907.32668661088
904,6590.835033244339,141064.0769180717
905,6590.724625675813,141137.53559931018
906,6590.614218107287,141245.1210357144
907,6590.503810538761,140528.78470819644
908,6590.393402970236,140252.61669711713
909,6590.28299540171,140947.23076757824
910,6590.1725878331845,141383.25411805836
911,6590.062180264659,140981.4679780946
912,6589.951772696133,140140.3490610128
913,6589.841365127608,141097.48095766085
914,6589.730957559082,140515.245281729
915,6589.620549990556,140558.60629123138
916,6589.51014242203,140214.4900598192
917,6589.399734853505,140510.68949651165
918,6589.28932728498,139648.3074708901
919,6589.1789197164535,140654.8854456989
920,6589.068512147928,140061.73957872312
921,6588.958104579402,139777.97815970317
922,6588.847697010877,140132.62786511847
923,6588.7372894423515,141014.61334256714
924,6588.626881873825,140339.95475019654
925,6588.5164743053,140075.1424071488
926,6588.406066736774,140267.86524362722
927,6588.295659168249,140335.51330889633
928,6588.1852515997225,140500.11204675332
929,6588.074844031197,141171.3518669839
930,6587.964436462672,139766.08554637324
931,6587.854028894146,139276.65186897235
932,6587.743621325621,140037.33767074073
933,6587.633213757094,139153.87048389018
934,6587.522806188569,138527.10564083382
935,6587.412398620043,137969.20764067615
936,6587.301991051518,137842.76965633873
937,6587.191583482992,137639.38720567475
938,6587.081175914466,138232.53074061332
939,6586.970768345941,137286.557307356
940,6586.860360777415,136704.26344490174
941,6586.74995320889,137361.7498650339
942,6586.639545640363,137118.81280922887
943,6586.529138071838,136693.0708382452
944,6586.418730503313,136354.3405233106
945,6586.308322934787,136006.420847418
946,6586.197915366261,135456.10388247462
947,6586.087507797735,135400.34139824964
948,6585.97710022921,134907.2648485413
949,6585.866692660684,135415.2331839425
950,6585.756285092159,134594.54187107974
951,6585.645877523633,134599.9821210596
952,6585.535469955107,133620.2463030004
953,6585.425062386582,133347.05290782687
954,6585.314654818056,131686.74696796824
955,6585.20424724953,131360.82141749214
956,6585.093839681004,131479.62859470566
957,6584.983432112479,132904.27732136572
958,6584.873024543954,133383.01915533643
959,6584.762616975428,135357.73475569408
960,6584.652209406902,136316.10289994619
961,6584.541801838376,135710.50290484872
962,6584.431394269851,136056.3669251125
963,6584.320986701326,135642.90116254744
964,6584.2105791327995,136624.78081928205
965,6584.100171564274,137473.26421612332
966,6583.989763995748,138338.31154079517
967,6583.879356427223,136422.5981088655
968,6583.768948858697,136270.9960001724
969,6583.658541290171,136943.4543204066
970,6583.548133721646,136536.13726583097
971,6583.43772615312,136562.47969995558
972,6583.327318584595,136489.7913730566
973,6583.2169110160685,135965.8715410943
974,6583.106503447543,136010.6730899184
975,6582.996095879017,135552.34403227165
976,6582.885688310492,135391.4229673437
977,6582.7752807419665,135976.91144775518
978,6582.66487317344,134801.47579720922
979,6582.554465604915,134790.44087774618
980,6582.444058036389,133586.6211819635
981,6582.333650467864,132863.24475951504
982,6582.2232428993375,133009.58838820702
983,6582.112835330812,133657.2261338077
984,6582.002427762287,131990.39980833954
985,6581.892020193761,132926.36779722708
986,6581.7816126252355,133316.66876884748
987,6581.671205056709,133973.13255947107
988,6581.560797488184,133516.30245917907
989,6581.450389919658,135366.27328025267
990,6581.339982351133,134099.97602202324
991,6581.229574782607,133784.35170999318
992,6581.119167214081,133399.18768543526
993,6581.008759645556,134851.8475486264
994,6580.89835207703,133545.34025387684
995,6580.787944508505,133907.43243200524
996,6580.677536939979,133141.63167336353
997,6580.567129371453,132776.5304930799
998,6580.456721802928,133066.13505863657
999,6580.346314234402,132550.5646051197
1000,6580.235906665876,132052.43514104345
1001,6580.12549909735,132551.7568705316
1002,6580.015091528825,130986.6390985748
1003,6579.9046839603,132082.5812500593
1004,6579.794276391774,130149.32956682699
1005,6579.683868823248,130162.99776648097
1006,6579.573461254722,128234.6518382368
1007,6579.463053686197,127914.13658873853
1008,6579.352646117671,129931.8616580867
1009,6579.242238549145,129592.47420888183
1010,6579.13183098062,130518.7518166482
1011,6579.021423412094,131591.71424448068
1012,6578.911015843569,130579.8009987588
1013,6578.800608275043,131945.35755889164
1014,6578.690200706517,132323.43812866614
1015,6578.579793137991,130643.70592201994
1016,6578.469385569466,130956.04526822557
1017,6578.358978000941,131237.73946573082
1018,6578.248570432414,129674.26659815485
1019,6578.138162863889,131276.0937485085
1020,6578.027755295363,131266.03387522817
1021,6577.917347726838,131501.03373671242
1022,6577.806940158312,129033.5285147798
1023,6577.696532589786,129753.2115363208
1024,6577.586125021261,130908.07542011482
1025,6577.475717452735,130327.30385157117
1026,6577.36530988421,129753.20835218715
1027,6577.2549023156835,129069.6513409987
1028,6577.144494747158,129397.00089685757
1029,6577.034087178632,129141.44999657827
1030,6576.923679610107,128757.16119723937
1031,6576.8132720415815,128499.13583152156
1032,6576.702864473055,130538.3770483696
1033,6576.59245690453,129008.43366370728
1034,6576.482049336004,127678.62984279897
1035,6576.371641767479,128528.66519297722
1036,6576.261234198953,127353.73960103521
1037,6576.150826630427,127020.66741632698
1038,6576.040419061902,126544.06192825659
1039,6575.930011493376,126915.267144354
1040,6575.8196039248505,127508.6365244126
1041,6575.709196356324,125799.93370355801
1042,6575.598788787799,125296.93958325195
1043,6575.488381219274,124731.88389532392
1044,6575.377973650748,124480.25575828526
1045,6575.267566082222,123941.49306866291
1046,6575.157158513696,123173.85672053215
1047,6575.046750945171,122565.62780516031
1048,6574.936343376645,122686.94209389831
1049,6574.8259358081195,121394.98728455455
1050,6574.715528239594,122068.75195645465
1051,6574.605120671068,121745.75120265009
1052,6574.494713102543,121107.69234867142
1053,6574.384305534017,119805.88866652745
1054,6574.273897965491,121303.98862039097
1055,6574.163490396965,119056.70680515333
1056,6574.05308282844,116949.88313371735
1057,6573.942675259915,113787.28589949117
1058,6573.832267691389,112726.30141106527
1059,6573.721860122863,112417.28573688734
1060,6573.611452554337,111288.79212305545
1061,6573.501044985812,114082.126734101
1062,6573.390637417286,115542.97162581977
1063,6573.28022984876,117802.10835537422
1064,6573.169822280235,119056.39294468002
1065,6573.059414711709,119567.617077521
1066,6572.949007143184,120252.90992568457
1067,6572.838599574658,118798.6594114715
1068,6572.728192006132,118843.58245997156
1069,6572.617784437607,118861.1462901073
1070,6572.507376869081,116462.04077453178
1071,6572.396969300556,117484.27385553028
1072,6572.286561732029,115941.0536963485
1073,6572.176154163504,116541.65524876465
1074,6572.065746594978,116194.79988604388
1075,6571.955339026453,115028.6492875809
1076,6571.8449314579275,115722.67196889798
1077,6571.734523889401,114139.78724798208
1078,6571.624116320876,113854.90406103324
1079,6571.51370875235,112757.43918810721
1080,6571.403301183825,112819.86929993938
1081,6571.292893615298,109668.23659942749
1082,6571.182486046773,108351.7372148967
1083,6571.072078478248,106326.18906529613
1084,6570.961670909722,107119.97106838855
1085,6570.8512633411965,106739.44577248581
1086,6570.74085577267,107493.59522127145
1087,6570.630448204145,109314.58961027148
1088,6570.520040635619,109730.57979179673
1089,6570.409633067094,112018.28233022903
1090,6570.299225498568,110367.7097990237
1091,6570.188817930042,111487.62649793045
1092,6570.078410361517,111498.02733843804
1093,6569.968002792991,111469.19775023065
1094,6569.8575952244655,110535.48177657474
1095,6569.747187655939,109696.21713327507
1096,6569.636780087414,109046.38286550561
1097,6569.526372518889,108269.89694129374
1098,6569.415964950363,108259.76216052799
1099,6569.305557381837,109047.73031131565
1100,6569.195149813311,108860.85040318711
1101,6569.084742244786,108055.77634080524
1102,6568.974334676261,107436.40862190208
1103,6568.8639271077345,106330.8501336398
1104,6568.753519539209,105012.51489776051
1105,6568.643111970683,105726.69188620563
1106,6568.532704402158,103882.83063268581
1107,6568.422296833632,105535.4907144742
1108,6568.311889265106,102263.89653292592
1109,6568.201481696581,104103.25550946164
1110,6568.091074128055,102548.80506924189
1111,6567.98066655953,102158.47293435023
1112,6567.8702589910035,100716.02603300326
1113,6567.759851422478,99811.9435487506
1114,6567.649443853952,101131.40737136628
1115,6567.539036285427,101187.68670921431
1116,6567.428628716902,101826.02073212738
1117,6567.318221148375,100604.32952679088
1118,6567.20781357985,99749.32769815845
1119,6567.097406011324,99771.44788089102
1120,6566.986998442799,100167.86696480481
1121,6566.876590874273,99139.49264895597
1122,6566.766183305747,99376.69136144128
1123,6566.655775737222,97942.68706203849
1124,6566.545368168696,97238.11498748585
1125,6566.434960600171,97854.28972546586
1126,6566.324553031644,97392.80211639206
1127,6566.214145463119,96479.54621545067
1128,6566.103737894593,95415.89260334864
1129,6565.993330326068,94869.70716565479
1130,6565.8829227575425,94534.08508652683
1131,6565.772515189016,95156.5687637997
1132,6565.662107620491,94093.81037768541
1133,6565.551700051965,92720.5122211206
1134,6565.44129248344,92882.38767738985
1135,6565.330884914914,92883.85615942211
1136,6565.220477346388,90939.03743560077
1137,6565.110069777863,90843.94111841441
1138,6564.999662209337,89090.42634211313
1139,6564.8892546408115,89597.47930423311
1140,6564.778847072285,89740.51862928766
1141,6564.66843950376,87859.81890502517
1142,6564.558031935235,87241.90462436034
1143,6564.447624366709,86338.99317956727
1144,6564.337216798183,85677.07601710684
1145,6564.226809229657,85088.7429434052
1146,6564.116401661132,83460.38128508245
1147,6564.005994092606,81062.09656166946
1148,6563.8955865240805,81644.14229925977
1149,6563.785178955555,79047.68101967612
1150,6563.674771387029,77589.23890232478
1151,6563.564363818504,75666.99084478324
1152,6563.453956249978,73047.82364794139
1153,6563.343548681452,69749.32063656907
1154,6563.233141112926,68648.56662041837
1155,6563.122733544401,66951.30284012432
1156,6563.012325975876,65052.047073089096
1157,6562.9019184073495,64226.109848846696
1158,6562.791510838824,61980.415000977635
1159,6562.681103270298,59258.58208536702
1160,6562.570695701773,56760.60353253896
1161,6562.460288133247,53338.52147312643
1162,6562.349880564721,49524.24590503543
1163,6562.239472996196,47015.269073258976
1164,6562.12906542767,45415.58740050412
1165,6562.018657859145,43454.91870023206
1166,6561.9082502906185,48662.25258553621
1167,6561.797842722093,45104.777419294194
1168,6561.687435153568,47800.25926603699
1169,6561.577027585042,51990.90202703278
1170,6561.466620016517,56013.73489270442
1171,6561.35621244799,61152.6832699487
1172,6561.245804879465,66556.81903122776
1173,6561.135397310939,70987.50345252485
1174,6561.024989742414,73263.09764102644
1175,6560.914582173888,75469.6176267099
1176,6560.804174605362,77749.81605849997
1177,6560.693767036837,80338.97712858289
1178,6560.583359468311,79810.45631565094
1179,6560.472951899786,80828.42712528587
1180,6560.362544331259,81944.89973306582
1181,6560.252136762734,82823.78852823655
1182,6560.141729194209,83138.91592743434
1183,6560.031321625683,82479.01628039574
1184,6559.9209140571575,82826.85598720252
1185,6559.810506488631,84473.55984581301
1186,6559.700098920106,84428.01300470035
1187,6559.58969135158,85646.8004506199
1188,6559.479283783055,86980.09104182616
1189,6559.368876214529,87533.09429387099
1190,6559.258468646003,89077.61091155576
1191,6559.148061077478,89943.95834988888
1192,6559.037653508952,91006.93782838676
1193,6558.9272459404265,91239.49726302006
1194,6558.8168383719,91950.06848393913
1195,6558.706430803375,92834.03111690452
1196,6558.59602323485,91935.1297297047
1197,6558.485615666324,91554.47950221632
1198,6558.375208097798,93377.243492106
1199,6558.264800529272,93081.21101617064
1200,6558.154392960747,94087.45015219745
1201,6558.043985392222,94211.98492242124
1202,6557.9335778236955,94013.84247085365
1203,6557.82317025517,93192.20844187163
1204,6557.712762686644,93587.78769522159
1205,6557.602355118119,93804.13515306122
1206,6557.491947549593,93613.03046231247
1207,6557.381539981067,93870.7627628605
1208,6557.271132412542,96075.53528150401
1209,6557.160724844016,96650.89577087757
1210,6557.050317275491,96236.60158761009
1211,6556.9399097069645,96599.65469246452
1212,6556.829502138439,97675.09741434408
1213,6556.719094569913,96632.08417578026
1214,6556.608687001388,96768.41281705713
1215,6556.498279432863,96554.36232139268
1216,6556.387871864336,96616.46485444302
1217,6556.277464295811,99234.55052377062
1218,6556.167056727285,100831.02501262122
1219,6556.05664915876,102650.97675424699
1220,6555.9462415902335,102087.8350178022
1221,6555.835834021708,103620.54866591508
1222,6555.725426453183,103426.43801536935
1223,6555.615018884657,104082.04641630361
1224,6555.504611316132,104610.53384430934
1225,6555.394203747605,104722.6787860884
1226,6555.28379617908,106179.92572792865
1227,6555.173388610554,105379.92195189495
1228,6555.062981042029,106291.9374799502
1229,6554.952573473503,105898.25046005545
1230,6554.842165904977,105656.07965946867
1231,6554.731758336452,106494.47450305955
1232,6554.621350767926,107425.9466718788
1233,6554.510943199401,106201.43006861911
1234,6554.400535630875,107312.99849956081
1235,6554.290128062349,107843.37946194175
1236,6554.179720493824,106859.55523143854
1237,6554.069312925298,107946.36977172278
1238,6553.958905356772,106949.31614210647
1239,6553.848497788246,108122.52873359666
1240,6553.738090219721,108256.02799568402
1241,6553.627682651196,107298.7740086731
1242,6553.51727508267,106949.81159437724
1243,6553.406867514144,107029.27401851035
1244,6553.296459945618,106759.36329889217
1245,6553.186052377093,107431.06387337584
1246,6553.075644808567,105838.5012225232
1247,6552.9652372400415,106875.20693705947
1248,6552.854829671516,108180.25603268936
1249,6552.74442210299,108450.59902099975
1250,6552.634014534465,108463.09619774259
1251,6552.523606965939,107686.80418026648
1252,6552.413199397413,105704.95046700061
1253,6552.302791828887,105367.7414723919
1254,6552.192384260362,104162.80169241042
1255,6552.081976691837,104923.81125588837
1256,6551.9715691233105,106372.97639554644
1257,6551.861161554785,107001.22971380895
1258,6551.750753986259,110549.44884529804
1259,6551.640346417734,112214.9383775593
1260,6551.529938849208,115145.61386936405
1261,6551.419531280682,114786.06326575045
1262,6551.309123712157,115195.35360693226
1263,6551.198716143631,117017.75556334142
1264,6551.088308575106,117150.33765147328
1265,6550.9779010065795,116275.62899769939
1266,6550.867493438054,115819.99500404995
1267,6550.757085869528,118945.9805844701
1268,6550.646678301003,119142.78920548057
1269,6550.5362707324775,117308.84279605102
1270,6550.425863163951,119815.24167528274
1271,6550.315455595426,119720.75836742415
1272,6550.2050480269,119572.87016909395
1273,6550.094640458375,120246.23784000118
1274,6549.9842328898485,119970.05429915733
1275,6549.873825321323,120198.24430988281
1276,6549.763417752798,120031.66213858429
1277,6549.653010184272,119099.39060297885
1278,6549.542602615747,120622.3055663315
1279,6549.43219504722,120047.38931703237
1280,6549.321787478695,119852.81951907255
1281,6549.21137991017,117457.13289626809
1282,6549.100972341644,118352.1102892331
1283,6548.990564773118,118492.1058322213
1284,6548.880157204592,118758.9569439794
1285,6548.769749636067,117276.67881444248
1286,6548.659342067541,116673.24159862778
1287,6548.548934499016,113781.23589020554
1288,6548.43852693049,112749.45369682339
1289,6548.328119361964,112631.39261502033
1290,6548.217711793439,112133.69829570381
1291,6548.107304224913,113831.38692517251
1292,6547.996896656387,115083.97001201876
1293,6547.886489087861,118018.51959278435
1294,6547.776081519336,117395.98892946033
1295,6547.665673950811,120163.97529282326
1296,6547.555266382285,118952.26445034698
1297,6547.444858813759,119571.30700445213
1298,6547.334451245233,119230.28114022524
1299,6547.224043676708,120650.17645009937
1300,6547.113636108182,121361.94989256709
1301,6547.003228539656,121033.20113824963
1302,6546.892820971131,124582.57957113259
1303,6546.782413402605,125431.74511337417
1304,6546.67200583408,124551.08747599892
1305,6546.561598265554,126188.91565983198
1306,6546.451190697028,123518.45499402715
1307,6546.340783128502,124266.60105844658
1308,6546.230375559977,125558.91254775558
1309,6546.119967991452,124999.22120031247
1310,6546.0095604229255,125508.41368197335
1311,6545.8991528544,124696.64098686895
1312,6545.788745285874,125169.07747595281
1313,6545.678337717349,123233.73608925102
1314,6545.5679301488235,124195.20387558707
1315,6545.457522580297,123070.00280424413
1316,6545.347115011772,124898.585670075
1317,6545.236707443246,125409.2140646958
1318,6545.126299874721,127396.77395631003
1319,6545.0158923061945,126864.90303035756
1320,6544.905484737669,126795.33692331491
1321,6544.795077169144,125852.42365399416
1322,6544.684669600618,125520.48015937165
1323,6544.5742620320925,124759.3165915694
1324,6544.463854463566,124173.76013766405
1325,6544.353446895041,123643.0621008471
1326,6544.243039326515,123106.16115721937
1327,6544.13263175799,121540.40676763312
1328,6544.022224189464,119336.99474892046
1329,6543.911816620938,117807.17118164027
1330,6543.801409052413,116738.03243969374
1331,6543.691001483887,116662.36941880935
1332,6543.5805939153615,118455.89002196945
1333,6543.470186346835,120560.32392302083
1334,6543.35977877831,124114.73109641015
1335,6543.249371209785,126916.25154343987
1336,6543.138963641259,127131.9606461204
1337,6543.028556072733,128124.97843002372
1338,6542.918148504207,127883.86524625875
1339,6542.807740935682,128990.83911480555
1340,6542.697333367156,126991.75217709717
1341,6542.586925798631,126618.61077663918
1342,6542.476518230105,126527.72549460879
1343,6542.366110661579,126378.896885802
1344,6542.255703093054,125933.64459834747
1345,6542.145295524528,126685.77190689668
1346,6542.034887956002,125698.59543354495
1347,6541.924480387477,129300.53377160474
1348,6541.814072818951,129920.84353719007
1349,6541.703665250426,131412.21652195172
1350,6541.5932576819,130313.54860857526
1351,6541.482850113374,132581.77803533053
1352,6541.372442544848,132327.31386536188
1353,6541.262034976323,132176.16621914954
1354,6541.151627407798,132217.64720312794
1355,6541.041219839271,132291.95574207557
1356,6540.930812270746,131821.83484732168
1357,6540.82040470222,132102.45345607508
1358,6540.709997133695,130713.11765750492
1359,6540.599589565169,131953.95354615236
1360,6540.489181996643,131829.60159124268
1361,6540.378774428118,133204.53680776464
1362,6540.268366859592,131897.0819326424
1363,6540.157959291067,132537.73086231976
1364,6540.04755172254,132798.74534621296
1365,6539.937144154015,132589.8980301735
1366,6539.826736585489,132689.67736349217
1367,6539.716329016964,132993.63456081474
1368,6539.6059214484385,132790.80822474937
1369,6539.495513879912,132767.86805696832
1370,6539.385106311387,133502.7992253904
1371,6539.274698742861,133781.1761090815
1372,6539.164291174336,133802.57766655492
1373,6539.0538836058095,133601.0757372091
1374,6538.943476037284,133113.7789968451
1375,6538.833068468759,134420.23880423076
1376,6538.722660900233,134074.4034152694
1377,6538.6122533317075,133058.74346972007
1378,6538.501845763181,134002.64706741786
1379,6538.391438194656,133901.2797140573
1380,6538.281030626131,133828.4899129324
1381,6538.170623057605,134062.82754425396
1382,6538.060215489079,134439.83405956623
1383,6537.949807920553,134649.35979378005
1384,6537.839400352028,133848.59499947287
1385,6537.728992783502,132444.77992603506
1386,6537.6185852149765,133389.4687372481
1387,6537.508177646451,132397.1625261391
1388,6537.397770077925,132659.02060297097
1389,6537.2873625094,133067.91353331934
1390,6537.176954940874,131555.61337063037
1391,6537.066547372348,131189.45114268677
1392,6536.956139803822,131781.15451765832
1393,6536.845732235297,130485.7047647284
1394,6536.735324666772,132252.97941546727
1395,6536.6249170982455,133243.5221367455
1396,6536.51450952972,133483.74513185953
1397,6536.404101961194,133801.5525538749
1398,6536.293694392669,134563.16930917
1399,6536.183286824143,133986.4173694646
1400,6536.072879255617,134922.9737097757
1401,6535.962471687092,134774.80282412772
1402,6535.852064118566,134894.88717463383
1403,6535.741656550041,134629.9311226895
1404,6535.631248981515,135056.0668567252
1405,6535.520841412989,133813.46518344976
1406,6535.410433844463,133282.1233533395
1407,6535.300026275938,133386.0802142212
1408,6535.189618707413,131935.95446443307
1409,6535.079211138886,132269.4645966752
1410,6534.968803570361,130784.52149352616
1411,6534.858396001835,130082.25265270616
1412,6534.74798843331,132782.79176217585
1413,6534.6375808647845,131523.73937179238
1414,6534.527173296258,129927.22459370832
1415,6534.416765727733,131199.99122094156
1416,6534.306358159207,129831.03578372687
1417,6534.195950590682,130308.64512704404
1418,6534.085543022155,132385.65506945172
1419,6533.97513545363,132473.62289834648
1420,6533.864727885105,134781.59233792193
1421,6533.754320316579,134845.02857982382
1422,6533.6439127480535,135259.12884293316
1423,6533.533505179527,134053.24379192258
1424,6533.423097611002,133597.19132385854
1425,6533.312690042476,132437.09459472794
1426,6533.202282473951,132313.1493791098
1427,6533.091874905425,130204.8894193827
1428,6532.981467336899,128708.97688119397
1429,6532.871059768374,128811.11944009294
1430,6532.760652199848,127151.5850484165
1431,6532.6502446313225,128323.93709155216
1432,6532.539837062796,128829.68412588048
1433,6532.429429494271,130681.18959813796
1434,6532.319021925746,134619.2725553088
1435,6532.20861435722,135118.3470882468
1436,6532.098206788694,136818.79769771695
1437,6531.987799220168,137641.0004469477
1438,6531.877391651643,136432.98715598043
1439,6531.766984083117,137151.7836083874
1440,6531.6565765145915,133462.37223488043
1441,6531.546168946066,135331.9310601003
1442,6531.43576137754,135810.6448275192
1443,6531.325353809015,134687.86956356777
1444,6531.214946240489,135157.21565168878
1445,6531.104538671963,134200.32370226897
1446,6530.994131103438,136517.82666231488
1447,6530.883723534912,136638.40084155838
1448,6530.773315966387,136527.4077605482
1449,6530.6629083978605,136446.50927579124
1450,6530.552500829335,136552.0547039065
1451,6530.442093260809,138517.32132312516
1452,6530.331685692284,137307.58008720228
1453,6530.221278123759,138215.75558368512
1454,6530.110870555232,137574.75545341542
1455,6530.000462986707,139216.20873868326
1456,6529.890055418181,139476.0040351723
1457,6529.779647849656,138315.2117015058
1458,6529.6692402811295,137194.50183915193
1459,6529.558832712604,138443.3388382953
1460,6529.448425144079,138845.53539455894
1461,6529.338017575553,139280.13126389787
1462,6529.227610007028,137724.37553788463
1463,6529.117202438501,137518.91184504304
1464,6529.006794869976,138121.0668882664
1465,6528.89638730145,138672.34994047508
1466,6528.785979732925,139055.42313625113
1467,6528.6755721643995,138788.4381575186
1468,6528.565164595873,139059.92609562998
1469,6528.454757027348,137174.5447361724
1470,6528.344349458822,138010.95290430827
1471,6528.233941890297,137823.90260748504
1472,6528.12353432177,137122.9741914626
1473,6528.013126753245,137442.52376130296
1474,6527.90271918472,138020.20706825602
1475,6527.792311616194,139185.65877711563
1476,6527.6819040476685,139429.70231075966
1477,6527.571496479142,139813.24824962934
1478,6527.461088910617,139923.45259222988
1479,6527.350681342092,137410.3762219833
1480,6527.240273773566,139561.92477044737
1481,6527.12986620504,138935.81398612054
1482,6527.019458636514,140277.97993350687
1483,6526.909051067989,139410.83515377098
1484,6526.798643499463,138218.7409460516
1485,6526.6882359309375,139487.49505322188
1486,6526.577828362412,140143.07702027337
1487,6526.467420793886,139799.0675810052
1488,6526.357013225361,140022.05149979217
